Ideia / Problema / Oportunidade,Experimentação,Piloto,Escala,Iniciativa,Descrição,Unnamed: 6,#,Situação Atual e Próximos passos,Área,Sponsor/BO,Times,Início ,Previsão de Término,Mês Conclusão,Ano Conclusão,Tecnologia,Histórico e Apredizados,Datas perdidas,Data de Atualização,Ordem,Ganhos
Concluido,Em Andamento,,,Copiloto de Vendas-Ciclo 2- Notas Vendedores,Avaliar os operadores de vendas ativas atribuindo notas às suas proficiências para verificar se há um aumento na conversão de vendas.,,2.0,"Finalizando o experimento para coleta de métricas, em paralelo solicitando o HLE para TI. Entrega do DSS 04/08.",Canais Remotos,Cristiano / Gilbert,beOn Labs,2024-12-01,2025-06-28 00:00:00,7.0,2025.0,Gen AI,Os problemas de transcrição causaram o impacto na avaliação pelos vendedores que acreditam que por essa causa as notas eram afetadas.Alteramos o simulador de forma que ela apresente o áudio para escuta e incluimos também uma justificativa das notas dadas pela IA,2025-03-28 00:00:00,2025-07-30,,
Concluido,Concluido com Pivot,,,Projeto Homologação - Compras e Engenharia (Plataforma de Materiais),"Localizar rapidamente um determinado item, obter informações detalhadas e técnicas e ter acesso a um banco de imagens para facilitar a sua identificação.",,3.0,"Foi apresentado o resultado final com 87% de acurácia, e foi sinalizado o desejo de prosseguimento para piloto.",Engenharia,Schumacher / Pedro,beOn Labs,2025-03-01,2025-06-06 00:00:00,,,Gen AI,"Os testes foram pobres até o momento, a ideia é realmente ter uma conversa e algumas consultas podem ser perfeitamente feitas em um sistema transacional normal (consulta de um item por numero). Consultaram também informações que não existiam nos dados fornecidos pela Engenharia, necessário um processo para garantir o cadastro atualizado.","16/05/2025
10/03/2025",2025-07-30,,
Concluido,Concluido - Aguardando Go/No para Piloto,,,Autoinspeção - Ciclo 2,Utilizar LLM Multimodais pra analisar imagens de instalação ou manutenção da rede e indicar ao técnico o serviço correto.,,1.0,Entrega do HLE do TOA dia 08/08,Operações Técnicas,Carlos Souza / Pietro,beOn Labs,,2025-03-10 00:00:00,2.0,2025.0,Gen AI,,,2025-08-08,,
Concluido,Em Validação,,,Análise de Chamadas de Vendas - Ciclo 2,Motivo da não venda e o que o operador fez para tentar vender. Segundo ciclo de experimentação da primeira iniciativa  Análise de Vendas,,3.0,Em validação dos resultados processados pela IA,Canais Remotos,Cristiano / Cintia,TI-Time Infra Call Center,2024-11-01,2025-05-30 00:00:00,,,Gen AI,,,2025-05-08,,
Concluido,Concluido - Aguardando Go/No para Piloto,,,Análise Formulários de RH Offboarding,Uso da Gen AI para análise dos formulários de Offboarding de colaboradores.,,1.0,"HLE está ok, enviar dia 07/08",RH,Carlos Mendes,TI / Time RH,2025-03-07,2025-01-31 00:00:00,1.0,2025.0,Gen AI,,,2025-08-08,,
Não Iniciado,,,,Análise Formulários de RH PDL,Uso da Gen AI para análise dos formulários de  PDL do RH.,,3.0,,RH,Carlos Mendes,TI / Time RH,,,,,Gen AI,,,,1.0,
Concluido,Parado,,,SambaNova,Avaliar Performance da plataforma Samba Nova comparada com outras plataformas.,,2.0,API liberada. .Falta engajar para testes.  Precisamos de 30 pessoas para fazer no mínimo 30 perguntas.,beOn,Assad,TI,,2025-02-26 00:00:00,,,Gen AI,,,,,
Concluido,Parado,,,DeepSeek ,Comparativo do LLM da DeepSeek R1 com o Open AI no case de URA Cognitiva de Atendimento.,,1.0,"Resultados gerados.  Para o caso de URA Cognitiva os resultados foram:
deepseek - 77% vs OpenAI ChatGpt 3.5 - 58%
OpenAI ChatGpt 4omini - 85% vs deepseek - 77%

Mais testes estão previstos ,mas precisamos  de créditos de 24 GPUs para rodar em uma cloud.",TI,Assad,TI e TI Infra Call Center,,2025-03-07 00:00:00,,,Gen AI,,,,,
Concluido,Concluido,Em andamento,,Copilot Atendimento,"Experimento usa IA generativa com arquitetura RAG para criar assistente de call center, combinando recuperação de informações e geração de texto para respostas precisas e contextuais, melhorando a experiência do cliente e eficiência do atendimento.",,3.0,Em piloto,Atendimento,Celso Tonet,TI,,,8.0,2023.0,Gen AI,,,,,
Concluido,Concluido - Aguardando Go/No para Piloto,,,Portal de Denúncias,Reduzir o tempo de captura dos dados e análise das denúncias através de ferramentas de automação e generative AI,,1.0,"Aberta a SD 129093, identificar a GR para ver os próximos passos",Governança e Compliance,Rolando / Adriano,TI,,,4.0,2024.0,Gen AI,,,2025-08-08,,
Concluido,Concluido - Aguardando Go/No para Piloto,,,"Análise de chamadas de Call Center Empresarial (CX (NPS/CSAT) 
Análise  de chamadas CCOE Mesa de Cloud",Realização de análise de CSAT e NPS sobre os áudios das manifestações em chamadas dos clientes empresariais.,,1.0,"Aguardando aprovação dos custos pelo demandante. Aguardando sinalização de verba pela area demandante, prazo máximo 31/07/25,  caso contrário, haverá o cancelamento da demanda.",Empresarial,Carla Tieme,HITSS,,,6.0,2023.0,Gen AI,,,2025-08-08,,
Concluido,Concluido,Concluido,Em produtização,Análise de comentários das lojas de apps (IA Otimiza App),Validação e rankeamento de Apps (playstore/apple store),,3.0,GO TO MKT,Empresarial,Mario Rachid,HITSS,,,8.0,2023.0,Gen AI,,,2025-05-08,,
Concluido,Concluido com Pivot,,,Cálculo Trabalhista,"Realizar os cálculos prévios sem o envolvimento do escritório de contabilidade, extraindo dos processos todas as informações que compõem a memória de cálculo. Mantendo o escritório de contabilidade tão somente para validação do cálculo que antecede o pagamento",,3.0,Custos do especialista de contabilidade muito alto para dar continuidade. 1MM.,Processos Trabalhistas,Paulo Viveiros / Poliana,HITSS,2024-03-01,,3.0,2024.0,Gen AI,,,,,
Concluido,Concluido,Em andamento,,URA e Call Center Cognitivo,"Entendimento de intenção e direcionamento
mais rápido na URA para: oferta de Auto Serviço
ou correto atendimento especializado",,3.0,Projeto ativo com os clientes do DDD 16 que possuem produto Móvel Controle2,Atendimento,Celso Tonet,TI-Time Infra Call Center,,,,,Gen AI,,,,,
Concluido,Concluido,Não iniciado,,Buscador Conteúdo Música por IA,"Criar ferramenta que orienta vendedores em tempo real de acordo com demandas dos clientes, usando knowledge base e recomendando scripts e produtos",,3.0,Processo de adoção finalizado.   Piloto ainda não iniciado.,iMusica,"Diogo/
Copelli",TI / iMusica,,,6.0,2024.0,Gen AI,,,,,
Concluido,Em andamento,,,Copilot Desenvolvimento de Códigos,Suporte para aumentar a produtividade do desenvolvimento.,,3.0,Copilot Desenvolvimento: apresentar ficha do experimento na próxima agenda – resp: Gaiotto,TI,"Cesar/
Gaiotto",TI  Big Data Analytics,2025-03-01,2025-12-01 00:00:00,8.0,2023.0,Gen AI,,,2025-08-12,,
Concluido,Em backlog,,,Calculadora de Valor Futuro para processos judiciais,"Calculadora que o jurídico possa utilizar para auxiliar na tomada de decisão, face aos processos em fase de execução. Dados como expectativa de julgamento (tempo varia de acordo com cada localidade/Tribunal) são utilizados para prever o valor final.",,3.0,Reunião com a HITSS dia 25/11 para avaliar se funcionalidades pdoeriam ser acopladas ao sistema sendo desenvolvida. A principio a HITSS se interessa pela iniciativa.,Processos Trabalhistas,TBD / Janaina Machado,HITSS,,,,,Gen AI,,,2025-05-08,,
Concluido,Concluido - Aguardando Go/No para Piloto,Não iniciado,,STT - Whisper,Avaliar se a ferramenta de Speech-To-Text OpenAI Whisper tem um nível de maturidade que permita ser alternativas (custo x acuraria) a outras ferramentas.,,3.0,Reunião com a HITSS para transferencia de tecnologia (nuvem da Oracle).,beOn,Assad,TI / HITSS,,,8.0,2024.0,Gen AI,,,2025-05-08,,
Concluido,Arquivado,,,Análise de Contatos de Retenção - Motivo Cancelamento,"Classificação dos motivos de churn de 15 cidades a partir de pesquisa com clientes e atendimentos.

Quando o cliente solicita cancelamento na central é questionado ao cliente por qual motivo ele está cancelando sua linha/contrato e com a IA para termos as informações desses motivos o pedido é trazer os maiores motivos de cancelamento",,3.0,"Aguardando priorização no squad de speech analytics, sem necessidade de experimentação",Canais Remotos,Andreia Maldonado,TI-Time Infra Call Center,,,,,Gen AI,,,,,
Concluido,Concluido,,,Open WebUI,Interface para uso de IA que integra diversos modelos LLM.,,1.0,"Instalamos em um ambiente para testes e configurações (OK). Estamos utilizando plataformas como essa para testes, principalmente que necessitam de RAG",TI,Gaiotto,TI,,,,,Gen AI,,,,,
Concluido,Concluido com Pivot,,,Autoinspeção - Ciclo 1,Utilizar LLM Multimodais pra analisar imagens de instalação ou manutenção da rede e indicar ao técnico o serviço correto.,,3.0,"Escopo 1: Ancoragem = 82%, Escopo 2: Identificação do cabo = 96%. Próximos passos: testar modelo 4o-mini com mais amostras.",Infraestrutura,TBD / Pietro,TI,,,8.0,2024.0,Gen AI,,,,,
Concluído,Em andamento,,,Agente de IA RH - Copilot,"agente de IA será a primeira linha de suporte de RH, lidando com dúvidas comuns, direcionando os colaboradores para as diversas jornadas de atendimento",,3.0,Em andamento,RH,Carlos Mendes / Luciene / Gaiotto, TI Big Data Analytics / TI Corporativo,,,,,Gen AI,,,2025-07-18,1.0,
Concluido,Concluido com Pivot,,,Skynet offline - Qualcomm,Aplicativo de chat sem necessidade de serviço de dados utilizando o modelo SLM,,3.0,"Aguardando priorização, sponsor para o experimento e smartphone com capacidade para testes.",beOn,Assad,TI,,,9.0,,Gen AI,,,2025-05-08,,
Concluido,Parado ,,,Copiloto de Vendas-Ciclo 3 Geração de Dicas,Gerar dicas baseadas no comportamento dos melhores vendedores de modo a auxiliar os vendedores no aumento de conversão de vendas.,,1.0,"Parado, aguardando término do experimento de Otimização de Baterias  e o envio dos áudios para aumento da amostra para melhorar acurácia.",Canais Remotos,Cristiano / Gilbert,TI,,,,,Gen AI,,,,,
Concluido,Concluido - Aguardando Go/No para Piloto,,,Benchmark Claro de Modelos LLM,"Ferramenta de Banchmark de modelos LLM utilizando FAQ da Claro. Modelos: Llama 405b, Gemini 1.5 Pro e GPT 4o",,3.0,Reunião com a HITSS para transferencia de tecnologia (nuvem da Oracle).,beOn,Assad,TI,,,2.0,2025.0,Gen AI,,,2025-05-08,,
Concluido,Parado,,,LLM Guardrail,Controles de segurança que monitoram e ditam a interação do usuário com um aplicativo LLM. ,,3.0,Aguardando diretrizes de seg. e proposta para piloto.,TI Infraestrtura Call Center,Marco Aurélio,TI,,,4.0,2024.0,Gen AI,,,,,
Concluido,Concluido com Arquivamento,,,Analise de Contatos (AWS),Verificar a performance da LLM da AWS em uma tarefa de sumarização e classificação de pedidos/problemas de clientes,,3.0,Cliente não seguiu com a contratação.,beOn,Assad,HITSS,,,,,Gen AI,,,,,
Concluido,Concluido com Pivot,,,Atend. por Voz (Respostas do KB),Skynet. Validar se o ChatGPT consegue gerar respostas de forma similar aos dos melhores atendentes humanos,,1.0,Aprendizados foram utilizados em iniciativas da URA. Inidicado mais experimentos de outros modelos,Atendimento,Tonet / Sybelle,TI,,,5.0,2024.0,Gen AI,,,,,
Concluido,Concluido com Pivot,,,LLM Cache,"Componente que armazena resultados de consultas para reduzir o número de requisições à API, diminuindo custo e tempo de resposta de consultas comuns.",,3.0,Não testado pela área solicitante e sem avanços previistos.,TI Infraestrtura Call Center,Marco Aurélio,TI,,,3.0,2024.0,Gen AI,,,,,
Concluido,Aguardando,,,Finep - LLM Genérica Otimizada para língua Portuguesa,"Plataforma otimizada de modelos de larga e pequena escala (LLM e SLM), que passarão por pré-treinamento e ajuste fino para capturar nuances linguísticasdo português do Brasil.",,3.0,Em fase de defesa na Finep,beOn,Assad,TI,,,,,Gen AI,,,,,
Concluido,Aguardando,,,Finep - LLM  Específica para Atendimento Otimizada para língua Portuguesa,"Plataforma otimizada para Atendimento a partir modelos de larga e pequena escala (LLM e SLM), que passarão por pré-treinamento e ajuste fino para capturar nuances linguísticasdo português do Brasil.",,3.0,Em fase de defesa na Finep,beOn,Assad,TI,,,,,Gen AI,,,,,
Concluido,Aguardando,,,Finep – STT/TTS Português Brasil,"Transcrição e conversão de fala em texto e vice-versa, com customização para sotaques regionais do Brasil",,3.0,Em fase de defesa na Finep,beOn,Assad,TI,,,,,Gen AI,,,,,
Concluido,Em Andamento,,,Identificação de Chamadas de Spam - Etapa 1,Analisar os dados das chamadas dos clientes para identificar possíveis regras que permitam classificar uma ligação como spam.,,1.0,"* Identificamos 1.2MM numeros robocalls. 
* Entramos em contato com Engenharia para avaliar propostas adicionais que possam diferenciar a solução da Claro das demais.
* Alterando o app para suportar o volume de números (pesquisa de numeros do lado server) - avaliando a latência (30/05)",Novos Negócios MVNO,Assad / Thais,beOn Labs,2025-03-01,2025-06-16 00:00:00,,,Outros,,"30/05/2025
31/03/2025
",2025-05-29,,
Concluido,Concluido,Em andamento,,Otimização de Baterias - Ciclo 2,"Otimização da verba destinada na distribuição e aplicação de baterias  centrada na análise de dados comparado ao período de três meses (Jan,Fev, Mar).",,2.0,Squad contratada para desenvolvimento,Infraestrutura,Carlos Souza / Fabiano /Jonas,beOn Labs,,,3.0,2025.0,Analytics,,,2025-05-08,,
Parado,,,,Upscaling / Downscaling na transmissão de vídeo,Otimizar a transmissão de vídeo no uplink de redes 5G utilizando técnicas de rescaling de vídeo. Busca-se economizar recursos de rede e superar as limitações de uplink,,3.0,Buscar soluções de startups e fornecedores. Reunião agendada - 04/12,Engenharia,Oliver,TBD,,,,,Future Network,,,,1.0,
Parado,,,,Movimentações Físicas do realizado e forecast,Utilizar informações do realizado e premissas do forecast para montar simulações e análises comparativas para divulgação em relatórios.,,3.0,Aguardando priorização,Financeiro,TBD,TBD,,,,,Outros,,,,1.0,
Parado,,,,Receita do realizado e forecast,Utilizar informações do realizado e premissas do forecast para montar simulações e análises comparativas para divulgação em relatórios.,,3.0,Aguardando priorização,Financeiro,TBD,TBD,,,,,Outros,,,,1.0,
Concluido,Arquivado,,,TV Record: Retirada de Vídeo de Câmeras de Rua para Mídias sociais,Retirada de vídeos de câmeras de ruas de matérias geradas pelo Cidade Alerta disponibilização em redes sociais. ,,3.0,Em backlog das iniciativas da HITSS,Hitss,Márcio Silva,HITSS,,,,,IA,,,,,
Concluido,Arquivado,,,Seletor de Públicos de Fábrica de Audiências,Proj. Big Data para aumento de performance de dados para o portal de seleção de perfis de público para marketing e produtos da Claro,,3.0,Até o último status seria tocado pela área de Analytics,CBDA,,TI,,,,,Outros,,,,,
Concluido,Parado,,,Saúde 5G,Análise de dados para gerar insights sobre comportamentos sobre  tráfego de rede.,,3.0,Instalação do ambiente LAB (29/05),Engenharia,Silvério,Eng. / Hitss,,,,,Future Network,,,,,
Parado,,,,Análise de resolução de Problemas,Análise de histórico de causas e resoluções de problemas para  reduzir o tempo médio.,,3.0,Aguardando priorização,TI Star One,Camilo,TI Star One,,,,,Outros,,,,1.0,
Concluido,Parado,,,Wi Fi Sensing,utiliza as ondas de Wi-Fi para detectar e interpretar movimentos e presença em um ambiente. ,,3.0,NDA com fornecedor assinado (09/01/2024) e aguardando priorização.,,TBD,TI,,,,,Future Network,,,,,
Concluido,Concluido,Em andamento,,Otimização de Baterias - Ciclo 1,Comparar a disponibilidade dos sites e a autonomia de suas respectivas baterias para redistribuição.,,2.0,Squad contratada para desenvolvimento,Infraestrutura,Carlos Souza / Fabiano /Jonas,beOn Labs,,,7.0,2024.0,Analytics,,,2025-05-08,,
Concluido,Concluido - Aguardando Go/No para Piloto,,,SSI – Onboarding e cancelamento de VT,Comprovar a viabilidade da utilização do stack das tecnologias SSI (Self-sovereign identity) nas jornadas de onboarding de colaboradores e cancelamento de visitas técnicas,,1.0,Não encontramos ainda um Sponsor forte para levar a tecnologua para pioto,,Denis,TI,,,5.0,2024.0,Web 3,,,,,
Concluido,Concluido com Arquivamento,,,TV Record: Reconhecimento de Artistas para Direitos Autorais,Reconhecimento de artistas em cena para somar o tempo de exibição para remuneração.,,3.0,Cliente solicitou uma nova apresentação. Pode voltar,,,HITSS,,,10.0,2024.0,IA,,,,,
Concluido,Concluido,Concluido,Arquivado,Compartilhamento Claro Box,Análise de dados de localização IP do Claro Box para gerar insights de comportamentos de mau uso dos equipamentos relacionado ao plano contratado,,3.0,Piloto em desenvolvimento.,,Parraga / Maluf,TI / Ustore,,,7.0,2024.0,Analytics,,,,,
Concluido,Concluido,Concluido,Arquivado,Logoff Whatsapp,"Desenvolver solução que permita realizar o logoff de contas do WhatsApp, após cancelamento do número pré-pago na Claro. Em média são cancelados 1MM de clientes do Pré-pago por mês.",,3.0,Não houve sucesso no piloto. Whatsapp aplicou regras mais rigorosas,,Paulo Cesar / Fabio Nahoum,TI,,,10.0,2024.0,Outros,,,,,
Concluido,Concluido - Aguardando Go/No para Piloto,,,Claro Pool,"Ferramenta na qual as empresas podem armazenar e organizar seus documentos e arquivos de maneira simples, segura e de baixo custo, e que utiliza a tecnologia de web3.0 - IPFS ",,3.0,Não gerou interesse do negócio em razão do foco em outras proioridades.,,Assad,TI,,,11.0,2023.0,Web 3,,,,,
Concluido,Concluido com Arquivamento,,,XR para Trein. de Instalação do Mesh,Utilização de XR como ferramenta para criação de ambientes imersivos com o objetivo de aprimorar o aprendizado em treinamentos.,,3.0,Experimento Finalizado,beOn,Carlos Souza / Tancredo,TI,,,10.0,2024.0,Web 3,,,,,
Arquivado,,,,Captura de Dados de Ligações para MP,Avaliar se existe a possibilidade de avaliar o conteúdo que o usuário está acessando. Exemplo: qual filme do Netflix,,3.0,"PGW Engenharia consegue capturar até a nivel de dominio.
* Em conversa com Engenharia avalair se a solução VIAVI pode chegar até nivel de conteúdo
Perdeu priorodade e foco.
",beOn,Assad,TI,,,,,Outros,,,,,
Não Iniciado,,,,Leitura e análise de documentos para classificação da melhor testemunha; ,Juridico trabalhista digital ,,1.0,Aguardando priorização,Trabalhista,Welton Lima,,,,,,Gen AI,,,,1.0,
Não Iniciado,,,,"Magistrados e decisões de casos análogos (sentenças, votos, posicionamento ao acompanhar votos por tema e por relator) ","Avaliação preditiva de sentença, votos,realativos a casos similiares (julgamento de merito)",,1.0,Aguardando priorização,Tributario,Bruno Curi,,,,,,Gen AI,,,,1.0,
Não Iniciado,,,,"Admissibilidade de casos análogos no STJ/STF, por relator","Avaliação preditiva de sentença, votos,realativos a casos similiares (admissibilidade de RESP/RE)",,1.0,Aguardando priorização,Tributario,Bruno Curi,,,,,,Gen AI,,,,1.0,
Não Iniciado,,,,Entendimento dos tribunais (administrativos e judiciais) sobre o tema (contencioso e ementário de consulta),"Aplicabilidade no Contencioso e consultivo tributário. Apoio na toma da de decisão, apoia na interpretação  do fisco/tribunais/Procuradorias, etc , de determinados tema sjuridicos/regulatoria,etc (ex. Clipping setoriais com inteligencia de aplicabilidade)",,1.0,Aguardando priorização,Tributario,Bruno Curi,,,,,,Gen AI,,,,1.0,
Não Iniciado,,,,Produção acadêmica e linhas de pesquisa dos magistrados/julgadores administrativos,"Avaliação dos magistrados , curriculos, formações no sentido de melhor formular as defesas ",,1.0,Aguardando priorização,Tributario,Bruno Curi,,,,,,Gen AI,,,,1.0,
Não Iniciado,,,,"SEI-ANATEL: monitorar, atualizar e analisar através de IA, processos na Anatel (varredura processos em andamento ou informados pelo colaborador) . Caso processo Anatel, apresente atualização (documentação nova), a ferramenta deverá puxar, baixar os novos documentos e se possível analisar e entregar um resumo.",Caso Similar ao item  25,,1.0,Aguardando priorização,Regulatorio,Erica Neves,,,,,,Gen AI,,,,1.0,
Não Iniciado,,,, Leitura textual: de todos os documentos (especialmente Ofícios) da Anatel.,"Captura e entendimento das necessidades demandadas por entidades ou orgãos, avaliando as entradas , pertinencia e pontos focais internos. Distribuir internamente, acompanhar o Workflow e realimentar o sistema com retorno da Claro para a entidade pertinente.",,1.0,Aguardando priorização,Regulatorio,Maria do Carmo,,,,,,Gen AI,,,,2.0,
Não Iniciado,,,,"Buscador Inteligente: ferramenta que a partir da definição de um tema possa buscar na internet (Anatel, MCOM, Câmara, etc), não só os endereços de sites, mas também baixar documentos associados possíveis () e resumir o que foi encontrado. Esta ferramenta deve permitir o uso de forma pontual (análise de um tema em um determinado momento) ou perene, acompanhando toda movimentação de um tema ao longo de um ciclo (ex. evolução da ORPA de Roaming, cálculo do saldo da Concessão, etc) ","Ganho de tempo de analise de um assunto pertinente , gerando resumos que permitam agilizar/Melhorar SLA de analises pelo regulatório. para Ex. Prover   subsidios/Jurisprudencia  para sustentar defesas/processos",,1.0,Aguardando priorização,Regulatorio,Alexandre Salem,,,,,,Gen AI,,,,2.0,
Não Iniciado,,,,"Monitorador de Abertura de Ofícios: ferramenta que avalia no momento da postagem no SEI pela Anatel (antes de serem abertos) todos os ofícios encaminhados para Claro, fazendo um breve resumo do processo que o mesmo está inserido (verificar se outras empresas receberam, quais as cartas que o antecederam, etc). Deve também auxiliar na indicação de quem vai tratá-lo na área, quando abri-lo e gerar um relatório periódico para os responsáveis sobre o prazo de vencimento. Gera arquivo e registra SLA.  (ps: aqui na área batizamos, como uma homenagem, essa ferramenta de Marcelle) ",Atuação Preventiva. Ganho de prazos.,,1.0,Aguardando priorização,Regulatorio,Alexandre Salem,,,,,,Gen AI,,,,2.0,
Não Iniciado,,,,Assistencia em lojas,Prover recursos para rapidos atendimento pelos  atendentes,,1.0,Aguardando priorização,Lojas,Caio Barreiro- Bain,,,,,,Gen AI,,,,2.0,
Não Iniciado,,,,Interactions analytics,"Resumo de reclamações, priorizadas por volume , urgencia",,1.0,Aguardando priorização,Atendimento,Caio Barreiro- Bain,,,,,,Gen AI,,,,2.0,
Não Iniciado,,,,Assistente AI ,Assistente  com gerador de argumentação para Chat do assistente,,1.0,Aguardando priorização,Atendimento,Caio Barreiro- Bain,,,,,,Gen AI,,,,2.0,
Não Iniciado,,,,Atendimento por Voz (Respostas do KB),Automatizar PA via IA,,1.0,Aguardando priorização,Atendimento,Celso Tonet,,,,,,Gen AI,,,,2.0,
Concluído,Concluido - Aguardando Go/No para Piloto,,,Just Talk DMA,Aplicativo com LLM proprietária usando reconhecimento de voz e uso de interface para iteração via produto digital,,1.0,Em defesa de piloto. Revendo a ficha com os resultados,Digital,Rodrigo Duclos,Digital,,,,,Gen AI,,,2025-08-08,2.0,
Não Iniciado,,,,Gen AI - Esteira de Privacy by Design,SLA de analise LGPD,,1.0,Aguardando priorização,LGPD,JOÃO GASTALDELLI,,,,,,Gen AI,,,,2.0,
Não Iniciado,,,,Bot Vendedor,Geração de subsidios/argumentos de vendas via chat,,1.0,Aguardando priorização,Comercial,Rogerio Ahouagi,,,,,,Gen AI,,,,2.0,
Não Iniciado,,,,URA ADAPTATIVA,"Elaborar uma URA sem a intrução de digite 1, digite 2 etc... Interagindo somente com conversa.",,1.0,Aguardando priorização,Canais Remotos,Sidney Neves,,,,,,Gen AI,,,,2.0,
Não Iniciado,,,,NBO ADAPTATIVO,Ouvir a conversa do cliente enquanto ele navega na URA para oferecer algum produto quando chegar ao atendimento,,1.0,Aguardando priorização,Canais Remotos,Sidney Neves,,,,,,Gen AI,,,,2.0,
Não Iniciado,,,,TREINAMENTOS E RECICLAGENS,Direcionamento de Treinamento e reciclagens de acordo com os insumos das chamadas ,,1.0,Aguardando priorização,Canais Remotos,Sidney Neves,,,,,,Gen AI,,,,3.0,
Não Iniciado,,,,NBO ADAPTATIVO,"Para a atuação com o Whats, criar variações de mensagens de acordo com o perfil de publico e análise da argumentação dos melhores vendedores ",,1.0,Aguardando priorização,Canais Remotos,Sidney Neves,,,,,,Gen AI,,,,3.0,
Não Iniciado,,,,AUTOMAÇÃO DE ATIVIDADES,Tabulação da chamada sem precisar da ação do vendedor.,,1.0,Aguardando priorização,Canais Remotos,Sidney Neves,,,,,,Gen AI,,,,3.0,
Não Iniciado,,,,URA ADAPTATIVA,Quando o cliente ligar no receptivo a IA reconhecer e com base no histórico do cliente já sugerir ações automáticas na URA que possam auxiliar e resolver a problema do cliente pelo atendimento automático sem passar por um humano.,,1.0,Aguardando priorização,Canais Remotos,Sidney Neves,,,,,,Gen AI,,,,3.0,
Não Iniciado,,,,APOIO IA NO MOMENTO DO CONTATO,"Utilizar a IA para corrigir o operador on line quando há falhas de qualidade no atendimento, para que seja corrigido no momento da ligação, além disso, a IA também possa sugerir fraseologias ou ações partindo do aprendizado de outros clientes com notas altas de satisfação, para garantir um atendimento de qualidade e um cliente satisfeito",,1.0,Aguardando priorização,Canais Remotos,Sidney Neves,,,,,,Gen AI,,,,3.0,
Não Iniciado,,,,APOIO IA NO MOMENTO DO CONTATO,"Aprender e padronizar as melhores técnicas de conversão em cada etapa do funil do Ativo: Alô, CPC, CPC com Negociação e conversão sobre CPC com Negociação.",,1.0,Aguardando priorização,Canais Remotos,Sidney Neves,,,,,,Gen AI,,,,3.0,
Não Iniciado,,,,APOIO IA NO MOMENTO DO CONTATO,Utilizar o IA para entender se todos os procedimentos qualitativos obrigatorios estão sendo seguidos ainda no decorrer da ligação e trazer um lembrete caso falte algum.,,1.0,Aguardando priorização,Canais Remotos,Sidney Neves,,,,,,Gen AI,,,,3.0,
Não Iniciado,,,,PREVENÇÃO DE PERDAS,"identificar atraves do IA as caracteristicas da vendas que geram mais churn, FPD, Silents",,1.0,Aguardando priorização,Canais Remotos,Sidney Neves,,,,,,Gen AI,,,,3.0,
Não Iniciado,,,,URA ADAPTATIVA,"Utilizar dados das transcrições das chamadas e váriáveis de mailing para identificar as palavras mais frequentes nas ligações de sucesso de vendas e a IA entregar um audio pronto para utilização em URA com um script de maior chance de sucesso, entonação, riitmo e sotaque",,1.0,Aguardando priorização,Canais Remotos,Sidney Neves,,,,,,Gen AI,,,,3.0,
Não Iniciado,,,,APOIO IA NO MOMENTO DO CONTATO,Respostas prontas para o vendedor repassar ao cliente de acordo com a fala do cliente,,1.0,Aguardando priorização,Canais Remotos,Sidney Neves,,,,,,Gen AI,,,,3.0,
Não Iniciado,,,,URA RESOLUTIVA,"Venda inteligente sem precisar de vendedor, de forma humaninzada",,1.0,Aguardando priorização,Canais Remotos,Sidney Neves,,,,,,Gen AI,,,,3.0,
Não Iniciado,,,,APOIO IA NO MOMENTO DO CONTATO,Forma inteligente para o vendedor pesquisar informações/combinações de preço,,1.0,Aguardando priorização,Canais Remotos,Sidney Neves,,,,,,Gen AI,,,,3.0,
Não Iniciado,,,,PREVENÇÃO DE PERDAS,IA Generativa para treinar o reconhecimento de possíveis fraudadores (combinando perfil conversacional vs dados de contato),,1.0,Aguardando priorização,Canais Remotos,Sidney Neves,,,,,,Gen AI,,,,4.0,
Não Iniciado,,,,MELHORIA DA QUALIDADE,Pesquisa Conversacional - IA Generativa para acompanhar o atendimento e checar se existem itens não falados pelo operador e lembrá-lo antes do encerramento da venda - Melhor experiência e redução de processos consumeristas,,1.0,Aguardando priorização,Canais Remotos,Sidney Neves,,,,,,Gen AI,,,,4.0,
Não Iniciado,,,,APOIO IA NO MOMENTO DO CONTATO,IA pré-treinada (treinamento acumulado) para treinar / FAQ - criação de imagens e vídeos a partir do treino obtido com áudios e textos,,1.0,Aguardando priorização,Canais Remotos,Sidney Neves,,,,,,Gen AI,,,,4.0,
Não Iniciado,,,,PREVENÇÃO DE PERDAS,"Utilização de biometria via voz para antecipação de possível contrato de fraude e/ou ferramentas de controles que tornem o processo mais simples e garanta a segurança do clientes desde o primeiro ""alo"". ",,1.0,Aguardando priorização,Canais Remotos,Sidney Neves,,,,,,Gen AI,,,,4.0,
Não Iniciado,,,,OMNICHANNEL,Utilização da IA detectando através de comportamentos de áudio e voz o momento ideal de migrar uma abordagem tradicional (call center) para novos metodologias de abordagem (Whatsapp por exemplo). ,,1.0,Aguardando priorização,Canais Remotos,Sidney Neves,,,,,,Gen AI,,,,4.0,
Não Iniciado,,,,PREVENÇÃO DE PERDAS,"Utilizar a IA para embarcar todo analítico de qualidade, possibilitando que sejam realizadas perguntas pontuais (ex. Black Friday).",,1.0,Aguardando priorização,Canais Remotos,Sidney Neves,,,,,,Gen AI,,,,4.0,
Não Iniciado,,,,URA ADAPTATIVA,"Incluir IA na URA de acordo com o perfil do cliente, substituindo a navegação atual por perguntas e respostas.",,1.0,Aguardando priorização,Canais Remotos,Sidney Neves,,,,,,Gen AI,,,,4.0,
Não Iniciado,,,,DIRECIONAMENTO ADAPTATIVO DA CHAMADA,"IA direciona as ligações (on-line) que sugerem o direcionamento para N2, incluindo a oferta a ser utilizada pelo N2.",,1.0,Aguardando priorização,Canais Remotos,Sidney Neves,,,,,,Gen AI,,,,4.0,
Não Iniciado,,,,PREVENÇÃO DE PERDAS,Incluir a IA na matriz de decisão para reduzir perdas de instalação e ativação.,,1.0,Aguardando priorização,Canais Remotos,Sidney Neves,,,,,,Gen AI,,,,4.0,
Não Iniciado,,,,URA RESOLUTIVA,"Para alguns perfis de clientes, realizar a venda na própria URA.",,1.0,Aguardando priorização,Canais Remotos,Sidney Neves,,,,,,Gen AI,,,,4.0,
Não Iniciado,,,,URA ADAPTATIVA,Automatizar processo de captação utilziando a IA.,,1.0,Aguardando priorização,Canais Remotos,Sidney Neves,,,,,,Gen AI,,,,4.0,
Não Iniciado,,,,APOIO IA NO MOMENTO DO CONTATO,"Analise de todas as chamadas, com o intuito de substituição da tabulação operacional. ",,1.0,Aguardando priorização,Canais Remotos,Sidney Neves,,,,,,Gen AI,,,,4.0,
Não Iniciado,,,,PREVENÇÃO DE PERDAS,"Identificar vendas de ""impacto"", contendo palavras/frases que possam gerar futuras reclamações de vendas, ex: ""Vai incluso"", ""é grátis"", ""usa se quiser"", etc...",,1.0,Aguardando priorização,Canais Remotos,Sidney Neves,,,,,,Gen AI,,,,4.0,
Não Iniciado,,,,APOIO IA NO MOMENTO DO CONTATO,"Identificar sentimento do cliente para o tempo de confirmação de dados de vendas ""checklist"", inuito de simplificar e reduzir tempo médio de venda atual",,1.0,Aguardando priorização,Canais Remotos,Sidney Neves,,,,,,Gen AI,,,,5.0,
Não Iniciado,,,,CONTESTAÇÃO DE FATURAS,"Atender o 1o nível de contestações de faturas dos clientes B2B, gerando mais velocidade na devolutiva para o cliente, e evitando o atraso na arrecadação de valores. Inicialmente, tratar com a conectividade, e posteriormente para as demaisfaturas que o cliente empresarial pode contestar pode contestar que é a mobilidade e soluções",,1.0,Aguardando priorização,Empresarial,Carla Tiemi,,,,,,Gen AI,,,,5.0,
Não Iniciado,,,,Sumarização dos Contratos,"Revisão de contratos e sumarização das principais cláusulas, transformando as informações em um banco de dados de fácil consulta e de utiliazação para integração com outros processos de automação.",,1.0,Aguardando priorização,GNI,João Antunes,,,,,,Gen AI,,,,5.0,
Não Iniciado,,,,Análise Contratual,"Processo que seja capaz de realizar análise das solicitações (FCU) em comparativo com as clausulas contratuais e financeiras a qual regem cada contrato. Sendo possivel verificar se os valores financeiros estão de acordo ou não, gerando assim um alerta para verificação dos desvios, possibiltando correções.",,1.0,Aguardando priorização,GNI,João Antunes,,,,,,Gen AI,,,,5.0,
Não Iniciado,,,,Acelerar atendimento humano via Whatsapp,"Com relação a usar a IA para ajudar nos atendimentos humanos via whatsapp a nossa ideia era testar o potencial de redução de tempo total no atendimento de clientes.
Como hoje estamos testando o atendimento de até 7 clientes consecutivos, temos a esperança de reduzir pelo menos 10% o tempo gasto no atendimento via (whatsapp + AI), mas ainda não temos dados e estamos testando como chegar lá.",,1.0,Aguardando priorização,CCFA,Wladmir,,,,,,Gen AI,,,,5.0,
Não Iniciado,,,,Análise de validade de comprovante de buscas de pagamento,-,,1.0,Aguardando priorização,CCFA,Alexandre Campos,,,,,,Gen AI,,,,5.0,
Não Iniciado,,,,Utilização de IA para leitura e interpretação de documentos na análise de crédito PJ,-,,1.0,Aguardando priorização,CCFA,Samir Oliveira,,,,,,Gen AI,,,,5.0,
Não Iniciado,,,,Análise de Contratos,"Efetuar o compartivo de contratos Jurídicos para validação de Cláusulas de penalidades e Multas, índices de reajustes  por fornecedor e categoria e fornecimento.
Extrair automaticamente informações-chave de contratos, como cláusulas específicas, datas, valores e partes envolvidas.
identificar cláusulas de alto risco
Tradução de contratos para outros idiomas",,1.0,Aguardando priorização,Compras,Ilana,,,,,,Gen AI,,,,5.0,
Não Iniciado,,,,Inteligência de Mercado,"Utilizar IA para monitorar o mercado, analisar notícias, relatórios econômicos e outras fontes de dados externas",,1.0,Aguardando priorização,Compras,Ilana,,,,,,Gen AI,,,,5.0,
Não Iniciado,,,,Assistência Virtual para Tomada de Decisões,"Utilização de assistentes virtuais baseados em IA que ajudem  compras a tomar decisões, fornecendo insights rápidos sobre questões como preços de mercado, condições de fornecedores e análises de riscos.",,1.0,Aguardando priorização,Compras,Ilana,,,,,,Gen AI,,,,5.0,
Não Iniciado,,,,chat inteligente para duvidas do portal de notas e de retenções fiscais,-,,1.0,Aguardando priorização,Tributário,Rodrigo Bazo,,,,,,Gen AI,,,,5.0,
Não Iniciado,,,,IA em CO PILOTO para validação de documentos.,,,1.0,Aguardando priorização,RH,Alexandre Vailatti,,,,,,Gen AI,,,,5.0,
Não Iniciado,,,,Chat TOA,"Integrar serviço de Inteligência artificial para interagir com o técnico de campo no chat do TOA, entendendo e respondendo às solicitações do técnico durante a manutenção em campo",,1.0,Aguardando priorização,Rede Externa,Wilson Luiz Vieira (Renan Basilio),,,,,,Gen AI,,,,6.0,
Não Iniciado,,,,Chat DTC,"Integrar serviço de Inteligência artificial para interagir com os analistas de DTC, entendendo e respondendo às solicitações durante a abertura de um chamado, já dando sugestões de ação para o analista",,1.0,Aguardando priorização,Rede Externa,Rafael Gallao,,,,,,Gen AI,,,,6.0,
Não Iniciado,,,,Veracidade de Fotos de Vandalismo,Identificação de veracidade de fotos de vandalismo ( Utilizar coordenada da foto + Região de reincidência + Associar se temos alguma coordenada de CEL ou Veiculo nosso próximo na hora do evento e até mesmo o reconhecimento por imagem do cabo cortado),,1.0,Aguardando priorização,Rede Externa,Paulo R Soares Furtado ,,,,,,Gen AI,,,,6.0,
Não Iniciado,,,,Validações de correções mecânica,"Validações de correções mecânicas feitas pela parceira ( execução, preventiva, emergenical x pagamentos);",,1.0,Aguardando priorização,Rede Externa,Paulo R Soares Furtado ,,,,,,Gen AI,,,,6.0,
Não Iniciado,,,,Chatbot no Portal de Processos,"Criar um chatbot dentro do portal de processos, para responder as dúvidas sobre os processos de vendas e ajudar a localizar informações sobre os temas pesquisados",,1.0,Aguardando priorização,PME,Dailane Vasconcelos (Vania de Cassia Zanutim),,,,,,Gen AI,,,,6.0,
Não Iniciado,,,,Análise as características do(s) produto(s),"A – identificar possíveis objeções que os clientes podem gerar
B – Sugerir argumentos para combater essas objeções
C – Gerar script e/ou argumentações persuasivos, bem elaborados com maior poder de convencimento",,1.0,Aguardando priorização,PME,Edna Félix (Ralph Furlan),,,,,,Gen AI,,,,6.0,
Não Iniciado,,,,"Análise produto concorrente 
Análise produtos concorrentes vs o da Claro","A – Apresentar as principais características dos produtos concorrentes
B - Comparar com o um produto similar da Claro ou trazer produto similar
B – Mostrar possíveis ganhos e perdas (benefícios)quando comparado a outro produto
C – uma vez apresentado esses benefícios, verificar se esses estão sendo avaliados pelo público/Internet",,1.0,Aguardando priorização,PME,Edna Félix (Ralph Furlan),,,,,,Gen AI,,,,6.0,
Não Iniciado,,,,"Roteiro de video, Puxadas de Venda e palestras","Roteirizar e criar storytelling de conteudos para criação de videos, puxadas de venda e palestras sobre produtos, soluções, mercado.",,1.0,Aguardando priorização,PME,Pâmella Lopes (Anita Roquete),,,,,,Gen AI,,,,6.0,
Concluído,Em planejamento,,,Evolução da Clarinha,Utilizar ferramentas de LLM para melhorar as interações e respostas da Clarinha,,3.0,"Busca hibrida implementada, avaliando resultados iniciais antes de soltar para o time da clarinha.",TI,Cesar Santos,TI,,,,,,,,2025-08-28,0.0,
Concluido,Em andamento,,,Copiloto para Produtos Digitais,"Desenvolver um assistente virtual inteligente que apoie em decisões estratégicas, capaz de responder perguntas referente a dados internos da Claro (estruturados em bancos de dados e não estruturados em documentos), e/ou externos relevantes, como informações de concorrentes obtidas através de parcerias, por exemplo, dados de anúncios de banda larga feitos no Google.",,3.0,Fechando o relatório de experimento.,Digital,Rodrigo Duclos,Digital,,,,,,,,2025-07-18,,
Concluido,Concluido com Pivot,,,Uso de Llama para autoinspeção,Processar a mesma amostra de imagens utilizadas no experimento de autoinspeção nas modelos llama 3.2 90b e Llama 4 Maverick para avaliar se há oportunidade de economia.,,3.0,"O llama3 foi pouco criterioso para dizer que uma imagem estava conforme, dizendo conforme para 86% das imagens, tendo vários falsos positivos. Já o Llama 4 foi muito criterioso, dizendo 74% de nao conforme, mas com explicações sensatas do porque nao estava conforme. Próximo ciclo em backlog aguardando priorização.",beOn,Rodrigo Duclos,beOn Labs,,2025-05-09 00:00:00,,,Gen AI,"Em uma primeira execução temos Llama 4 Maverick = 70% e Llama 3.2 = 68%. Na infra atual não conseguimos executar mais que 8 imagens, estourra o stack do modelo. Acreditamos que há possibilidades de melhoria do ambiente. ",,2025-05-08,,
Concluido,Concluido - Aguardando Go/No para Piloto,,,Consulta de pareceres jurídicos (JurisQuery),Otimização na consulta a pareceres jurídicos em busca inteligente no repositório,,1.0,HLE enviado e aguardando validação pelo solicitante,Jurídico,Paulo Viveiros,HITSS,,,11.0,2024.0,,,,2025-08-08,,
Concluido,Concluido - Aguardando Go/No para Piloto,Não iniciado,,STT - Whisper (característica do áudio),"Verificar se a caracteristica do áudio, como mais silêncio, pausas, influenciam na performance do Whisper. Consideraremos audios de vendas, atendimento (com mais pausas) e bíblia (narrativa).",,3.0,Reunião com a HITSS para transferencia de tecnologia (nuvem da Oracle).,beOn,Assad,TI / HITSS,,,4.0,2025.0,Gen AI,,,2025-05-08,,
Concluido,Concluido - Aguardando Go/No para Piloto,Não iniciado,,STT - Whisper (GPUs Diferentes),"Avaliar desempenho do Whisper em GPUs diferentes, A100, H100, L4 e L40s",,3.0,Reunião com a HITSS para transferencia de tecnologia (nuvem da Oracle).,beOn,Assad,TI / HITSS,,,4.0,2025.0,Gen AI,,,2025-05-08,,
Concluido,Concluido - Aguardando Go/No para Piloto,Não iniciado,,STT - Whisper (Múltiplas GPUs),Avaliar o desempenho do Whisper executando em múltiplas GPUs,,3.0,Reunião com a HITSS para transferencia de tecnologia (nuvem da Oracle).,beOn,Assad,TI / HITSS,,,4.0,2025.0,Gen AI,,,2025-05-08,,
Concluido,Arquivado,,,Teams Premium (Copilot),"Funcionalidades do Teams Premium (gravação / transcrição de reuniões, ata automatica ...)",,3.0,"Frente cancelada, seguir somente com Copilot M365.",Digital,Rodrigo Duclos / Ricardo Ferro,Digital,,,,,,,,2025-07-18,,
Concluido,Concluido,Em andamento,,Busca Avançada (TV)​,"Desenvolver um mecanismo de busca de conteúdo otimizado, capaz de identificar conteúdos mesmo quando informado termos com ortografia correta ou quando o cliente não sabe o nome do filme mas sabe o contexto, por exemplo, ""filme da Julia Roberts em Las Vegas"", ou mesmo para conteúdos lineares quando se deseja saber em qual canal e horário irá passar o jogo do seu time e esporte favorito.",,3.0,Novo ciclo de Piloto. 11/08.,Digital,Ricardo Falcão,Digital,,,5.0,2025.0,,,,2025-07-18,,
Concluido,Concluido - Aguardando Go/No para Piloto,,,Busca Avançada (Site)​,"Desenvolver um mecanismo de busca otimizado de conteúdo, capaz de entender com precisão a intenção dos usuários e direcioná-los corretamente para a página desejada ou para termos contidos na FAQ. Isso melhorará a experiência dos clientes e aumentará o engajamento com outras propriedades digitais.",,3.0,Aguardando próximo passos para piloto,Digital,Marco Zumba,Digital,,,,,,,,2025-07-18,,
Concluído,Em andamento,,,Qualificações de segurança,"Usar LLM para efetuar avaliações de segurança de criações/atualizações de APIs, conforme dados preenchidos em um formulário.",,3.0,"Em testes, previsão 29/08.",Segurança,Denis,beOn Labs,2025-05-01,Em planejamento,,,,,,2025-08-08,,
Backlog,,,,Testes com Placas da Intel,,,,,,,,,,,,,,,,6.0,
Backlog,,,,Interface Gerencia - TEO - CFM - OTS,"Avaliar a possibilidade de criar um sistema, baseado em IA, para viabilizar a análise de documentos técnicos, convertendo-os em um conjuntos de dados para cadastro no CFM (Ferramenta de inventário de rede).",,3.0,Fizemos alguns testes básicos para que avaliem se a IA realmente pode contribuir. É necessário saber as regras de conversão e aparentemente seria resolvido com motor de regras. Tende a não se tornar experimento.,Engenharia,Marcio Nunes / JORGE ALOAN,Beon Labs,,,,,,,,2025-05-15,,
Concluido,Concluido - Aguardando Go/No para Piloto,,,Benchmark LLM Opensource,Benchmark dos modelos Deepseek R1 e Llama 4 nas máquinas da Oracle,,3.0,Reunião com a HITSS para transferencia de tecnologia (nuvem da Oracle).,Beon,Assad,Beon Labs,2025-05-12,2025-05-16 00:00:00,,,Gen AI,,,2025-05-15,,
Concluído,Concluido com Pivot,,,IA para Ips de Redes - NetMindIp,Avaliar se uma LLM consegue recuperar informações de rede em uma base de dados estruturada.,,3.0,Em um primeiro ciclo não atendeu aos critérios. LAB fez algumas recomendações e será feito um novo ciclo de experimentação.,TI,Luna / Ismael,Beon Labs,2025-05-14,Em planejamento,,,,,,2025-07-11,1.0,
Em Prospecção,,,,CoE - Qualidade do Codigo com IA,Avaliar se a LLM pode efetuar análise de qualidade de código para a esteira de DevSecOps,,3.0,Iniciativa priorizada para Q3/2025. Alinhar se vamos sincronizar com as atividades da plataforma DevX. ,TI,Gustavo Leite / Ricardo Rosa,Beon Labs,,,,,,,,2025-08-08,2.0,
Concluido,Em andamento,,,Processamento de Manifestos,"Desenvolver uma ferramenta analítica que, a partir das reclamações nos canais críticos e dados enriquecidos da base, gere diagnósticos com estatísticas.  O objetivo é apoiar a Ouvidoria na identificação de padrões, motivos e melhorias nos atendimentos.",,3.0,Reunião para apreentação do relatório no dia 29/08.,Canais Críticos,Felipe Takashi / Roberto WIZBICKI,Beon Labs,2025-05-28,Em planejamento,,,,,,2025-08-28,,
Em backlog,,,,Calculadora de Valor Futuro para processos judiciais,Calculadora de valor provável corrigido monetariamente para causas judiciais versus o tempo estimado do trâmite judicial,,3.0,Em prospecção pela equipe da HITSS,Juridico Trabalhista,Paulo Viveiros / Janaina,HITSS,,,,,IA / ML,,,2025-05-15,,
Em Prospecção,,,,Automação de RFQs,"Converter respostas de fornecedores a Editais/RFPs lançadas pela Claro em planilha, avaliando a aderência das respostas às demandas feitas",,3.0,Engenharia montando ambiente de plataforma de RAG para testes.,Engenharia,Marcio Nunes / Heloisa Carneiro,Beon Labs,,,,,GEN AI,,,2025-05-22,,
Em Prospecção,,,,Automação de Editais ,"Converter questões de Editais em tabela Excel
Com base nos equipamentos definidos e suas especificações, responder às questões dos editais",,3.0,Engenharia montando ambiente de plataforma de RAG para testes.,Engenharia,Marcio Nunes / Heloisa Carneiro,Beon Labs,,,,,GEN AI,,,2025-05-22,,
Em Prospecção,,,,Coverter códigos de serviços legados em microsserviços,Avaliação de uma ferramenta V8 Tech e outras tecnologias ,,3.0,Em definição de escopo e assinatura de NDA,TI,Gustavo Leite / Ricardo Rosa,TI,,,,,,,,2025-06-17,3.0,
Concluido,Concluido - Aguardando Go/No para Piloto,,,Enter AI,"Elaboração pela plataforma de IA, 10 defesas da Claro relacionadas ao tema de fraude de subscrição para permitir a experimentação do potencial e usabilidade da ferramenta. ",,1.0,Demandante vai criar a SD 129217 e alinhar com GR MARTHA para dar andamento do Piloto;,Juridico Trabalhista,Naomi,Juridico,,,,,,,,2025-08-08,,
Concluido,,,,ODA-Oracle Digital Assistant com IA,"Possibilitar autosserviço para o líder quando necessário realizar a alteração de skill no TOA, sem necessidade de utilização de um BKO, solicitando via texto ou áudio e tendo a validação das regras de alteração e ajuste do skill dentro do TOA. Permitir também uma consulta do Técnico de Campo a bases de conhecimento ( RAG, via integração (Ex: Conectado), agilizando o processo de instalação/manutenção e melhorando a experiencia no atendimento ao cliente.",,3.0,,,,TI,,,,,,,,,,
Concluído,Em planejamento,,,Consulta inteligente sobre os documentos de arquitetura,"Diversas análises sobre os artefatos como documentos de arquitetura, informações de inventários. Avaliar se há oportunidades de otimização e automação.",,3.0,Criado ambiente para inicio dos testes. Em fase de planejamento.,TI,Gustavo Leite / Ana Teresa,Beon Labs,,,,,,,,2025-06-17,4.0,
Em Prospecção,,,,Previsão de HLE (dentro ou fora do range),A ideia é otimizar o processo de HLE. ,,3.0,Refinamento do escopo. ,TI,Gustavo Leite / Patricia Correa,Beon Labs,,,,,,,,2025-06-17,5.0,
Concluído,Em andamento,,,Validação de SD,Utilizar IA para melhorar a qualidade de conteúdo do documento de solicitação de demandas com o objetivo de otimizar o tempo e reduzir atrito.,,3.0,Levantamento de critérios para dizer quando a SD é aderente ao que o GR espera. Previsão  01/09.,TI,Gustavo Leite / Patricia Correa,Beon Labs,,,,,,,,2025-08-28,6.0,
Em Prospecção,,,,Controle de status dos projetos ,Analisar o uso da IA para governança de projetos,,3.0,Ainda em definição do escopo.,TI,Gustavo Leite / Patricia Correa,Beon Labs,,,,,,,,,7.0,
Concluído,Em backlog,,,Pauta e na ata das reuniões/Comitês,Gerar propostas de pauta e ata de reunião para otimizar o tempo,,3.0,Exige licenças do M365 e Teams Premium que está em avaliação pela empresa.,TI,Gustavo Leite / Patricia Correa,Beon Labs,,,,,,,,,8.0,
Backlog,,,,OBZ com payback acima de 3 anos,Avaliação de Bplan,,3.0,Ainda verificando benefícios,Financeiro,Patricia Platon,Beon Labs,,,,,,,,,,
Concluido,Em planejamento,,,VALIDAÇÃO DE ORDENS DE SERVIÇO ELEGÍVEIS PARA REMUNERAÇÃO,"Validar a integridade da base de ordens de serviços executadas pelas empreiteiras, bem como se o critério de remuneração dessas ordens está aderente ao caderno de regras estabelecido pela área Técnica. Atualmente não há controle de integridade que garanta que todas as ordens de serviços executadas e registradas no sistema NetSMS foram consideradas para apuração da remuneração das parceiras, Dessa forma, há necessidade de fazer testes substantivos (amostrais) de auditoria para validar a acuracidade da base de dados e regras aplicadas. No ano de 2024 foram pagos aproximadamente  R$ 1.3 bi de remuneração.",,3.0,Em planejamento,Auditoria Interna,BENIGNO DELGADO PARRA/LUCI MOREIRA DA SILVA ARTERO,HITSS,,,,,,,,2025-08-12,,"Aumento da produtividade da Auditoria 
Ganho de eficiência operacional e melhoria de controle para evitar a remuneração de valores indevidos  "
Concluido,Em planejamento,,,Ambiente Estratégico Jurídico-Regulatório,"Oportunidade: 
* Análise exaustiva de base processual disponível publicamente, 
* Identificação de oportunidades jurídicas baseadas em julgados e peças processuais de matérias correlatas, 
* Aprimoramento de estratégias processuais, melhorando a eficiência a partir do uso de teses mais assertivas
** Geração de insights baseados na base de conhecimento criada
** Risco processual atual (multas aplicadas) de R$ 7,7 Bi.
Escopo
* Processos Administrativos instaurados na Anatel (Análises Anatel, neste momento)
* Processos Judiciais Cíveis Estratégicos instaurados nos tribunais do Brasil (TJs, TRFs, STF, STJ, etc) (Futuro)",,3.0, Em planejamento,Contencioso Cível e Regulatório,Wilson Bolcchi Jr / João Deiró,HITSS,,,,,,,,2025-08-12,,"Redução do tempo gasto na definição de estratégias em processos.
•Redução no tempo de análise de julgados anteriores – Reduzir em 90%
Aumento na quantidade de precedentes analisados (processos setoriais julgados) – Aumentar em 200%
Melhoria esperada na Taxa de êxito nas defesas (Redução de Multa) – Redução em R$ 45MM1 Administrativos
Aderência da defesa aos precedentes relevantes 


1 Melhoria na redução de multas em 10% em relação ao ano anterior junto à Anatel produzindo um saving  adicional de R$ 45MM após implantação."
Concluido,Arquivado,,,Ferramenta de Conversão de Linguagem de Código,Avaliar se a revisão do código legado por uma LLM irá gerar melhorias com rafactoring e garantir a manutenção do código a longo prazo.,,3.0,Ambiente instalado. Testes iniciados com previsão de 1 mês de testes,TI,Luciane Oliveira / Alexandre Conrado,beOn Labs,2025-04-01,2025-06-28 00:00:00,,,Gen AI,,"30/05/2025
18/04/2025",2025-06-17,10.0,
Concluído,Em refinamento,,,Métricas da Rede com Crowdsourcing,"Comprovar a viabilidade de construir um componente para coletar e transmitir diversas métricas sobre qualidade da rede móvel e operação do próprio terminal, a partir da variedade de smartphones (marcas e modelos). 

Comprovar a viabilidade de analisar e extrair insights importantes. Entender limitações técnicas e consumo de recursos dessa estratégia sobre terminais do usuário.",,3.0,Em validação do escopo para submeter para a Finepe.,Engenharia,Silverio,TI & Engenharia,,,,,,,,,,
Em Prospecção,,,,Monitoria Digital BCC,"Atualmente, a validação dos atendimentos depende de monitores humanos, o que limita a análise a um volume reduzido e demanda muito tempo, impossibilitando a avaliação de 100% dos atendimentos e de todos os operadores. Validar automaticamente 100% dos atendimentos e de todos os operadores, a partir das interações com o cliente, o cumprimento dos processos, correlacionando as informações de áudio e texto, garantindo a maior quantidade de avaliações, acuracidade no processo de monitoria /auditoria, gerando insights para melhorar a experiência do cliente e os processos operacionais.",,3.0,BCC está em busca de uma conta + ambiente de lab para rodar os experimentos.,Qualidade Brasil Center,,,,,,,,,,,,
Em Prospecção,,,,Análise de Crédito com IA,,,3.0,,,,,,,,,,,,,,
Concluído,Arquivado,,,Bot do DEX (Kore AI),"Avaliar a capacidade de aderência da ferramenta SearchAssist da KoreAI, visando poder ser usada como um Bot interno para apoiar as áreas na captura rápida de informações não estruturadas ou até mesmo vir a ser uma opção de evolução de ""motor""""
de busca para o site da Claro.",,3.0,Não aitngiu os critérios de sucesso.,Digital,Rodrigo Duclos / Rafael Boscolo,Digital,,,,,,,,2025-07-18,,
Em Prospecção,,,,Análise de Proposta de Fornecedores,Efetuar análise de proposta de fornecedores com base em solicitação de demandas (SD) e documento de arquitetura,,3.0,Montamos um ambiente para os primeiros testes antes de dar forma ao experimento,TI,Gustavo Leite / Vini,Beon Labs,,,,,,,,2025-06-17,9.0,
Em Prospecção,,,,Eficiência Dir. Plan FIN,,,,,,,,,,,,,,,2025-07-07,,
Em Prospecção,,,,Validação de OS´s elegíveis,Validar a integridade da base de ordens de serviços executados pelas empreiteiras.,,,,HITSS,Benigno Delgado / Luci Moreira,Beon Labs,,,,,,,,,,
Em Prospecção,,,,Ambiente Estratégico,Análise exaustiva de base processual disponível publicamente.,,,,HITSS,Isabela Cahú / Wilso Bocchi e João Deiro,Beon Labs,,,,,,,,,,
Concluído,Em andamento,,,Leitura Automática de Doc. Pessoal​ (Smart Validation),"No processo de vendas de e-commerce, há situações em que é necessário solicitar ao cliente o envio de cópias de documentos pessoais e cadastrais para confirmar ou corrigir informações antes de prosseguir com o pedido. Atualmente, esse procedimento é realizado manualmente pela equipe de backoffice, o que torna o processo mais demorado, podendo resultar em perda de vendas e gerar um custo mensal significativo.",,3.0,Em andamento,Digital,Rodrigo Duclos / Marcos Zumba,Digital,,2025-08-06 00:00:00,,,,,,2025-07-18,,
Concluído,Em backlog,,,Explicação de Fatura​,"O maior ofensor na quantidade de ligações na central de atendimento está relacionado a assuntos financeiros, inclusive dúvidas sobre a fatura, discordância sobre valores, dúvidas sobre planos etc. Logo existe uma oportunidade de ""digitalizar"" parte dessas questões financeiras visando melhorar a experiencia do cliente e também reduzir custos.",,,,Digital,Albervan Luz (???),Digital,,,,,,,,2025-07-18,,
Concluído,Em andamento,,,Recomendador de Produtos (Smart Sales)​,"A proposta é criar um módulo que identifique as necessidades dos clientes durante a jornada de vendas no e-commerce da Claro e disponibilize os produtos que atendam essas necessidades. Essas necessidades podem ser extraídas através da análise de faturas de concorrentes fornecidas pelos clientes, por meio de uma interface de perguntas e respostas ou pela captura de necessidades em campos de texto livre.",,3.0,Em andamento,Digital,Rodrigo Duclos / Marcos Zumba,Digital,,2025-08-15 00:00:00,,,,,,2025-07-18,,
Concluído,Em andamento,,,Validação Inteligente de Endereços​ (Match HP),"Desenvolver um componente que faça a correlação automática do endereço informado pelo cliente durante a jornada de venda com os dados existentes na base cabeada. Esse componente deve ser integrado à jornada de venda do e-commerce, seja pelo site, WhatsApp ou qualquer outro canal.",,3.0,Em andamento,Digital,Rodrigo Duclos / Marcos Zumba,Digital,,2025-08-12 00:00:00,,,,,,2025-07-18,,
Concluído,Arquivado,,,Leitura Automática de Comprovantes de Pagamento​,"Automatizar o envio de documentos para reavaliação de crédito de prospects, eliminando a intervenção humana. O mecanismo analisará automaticamente os comprovantes de pagamento enviados pelos clientes, gerando um status da análise que ficará disponível para outras ferramentas, eliminando a necessidade de backoffice.",,3.0,cancelada por reorganização do processo ,Digital,Rodrigo Duclos / Marcos Zumba,Digital,,,,,,,,2025-07-18,,
Concluído,Em backlog,,,Assistente para cadastro de credencial digital,"Desenvolver um assistente capaz de guiar o cliente na criação de sua credencial digital, e que seja flexivel suficiente para ser conectado em qualquer ponto da jornada do cliente, sendo ele um cliente novo ou cliente da base.",,,,Digital,Rodrigo Duclos / Rafael Boscolo,Digital,,,,,,,,2025-07-18,,
Concluído,Concluido - Aguardando Go/No para Piloto,,,M365 ( CoPilot),"Entender possíveis ganhos de produtividade no uso da
ferramenta, analisando riscos, benefícios, custos, perfis mais
aderentes, adoção, abandono e influencia da capacitação._x000D_",,3.0,Agenda para apresentação para Rodrigo Marques,Digital,Rodrigo Duclos / Ricardo Ferro,Digital,,,,,,,,2025-07-18,,
Backlog,,,,Converter SD em Desenho de Arquitetura,,,3.0,"Possivelmenter DevEx, verificar com Rosa.",,,,,,,,,,,,,
Concluído,Em refinamento,,,JIRA ROVO,,,,,,,,,,,,,,,,,
Em Prospecção,,,,LT IA,Experimento com plataforma da IBM para solução de RAG que visa criar um assistente para respoinder dúvidas para desenvolvedores (cerca de 100). A ideia é desafogar o LT (4) e aumentar a produtividade.,,3.0,"Reunião para entendimento e esclarecimento do processo de experimetação e aguadando o OK do Sponsor para avaliar se vão seguir em frente. Há oportunidade de ser uma feaature do DevEX, Rosa.",TI,Gaiotto / Melkih,Beon Labs,,,,,,,,2025-08-28,,
Backlog,,,,Contestação de Fatura ,Diminuir quantidade de backoffice que é atualmente 2¨6% da base. Atualmente 60% do que tratam são contestações improcedentes. ,,3.0,,Digital,Rodrigo Duclos / Gabriel Dias,Digital,,2025-09-26 00:00:00,,,,,,,,
